-- phpMyAdmin SQL Dump
-- version 5.2.1
-- https://www.phpmyadmin.net/
--
-- Host: 127.0.0.1
-- Tempo de geração: 28/06/2024 às 04:33
-- Versão do servidor: 10.4.32-MariaDB
-- Versão do PHP: 8.2.12

SET SQL_MODE = "NO_AUTO_VALUE_ON_ZERO";
START TRANSACTION;
SET time_zone = "+00:00";


/*!40101 SET @OLD_CHARACTER_SET_CLIENT=@@CHARACTER_SET_CLIENT */;
/*!40101 SET @OLD_CHARACTER_SET_RESULTS=@@CHARACTER_SET_RESULTS */;
/*!40101 SET @OLD_COLLATION_CONNECTION=@@COLLATION_CONNECTION */;
/*!40101 SET NAMES utf8mb4 */;

--
-- Banco de dados: `posts`
--

-- --------------------------------------------------------

--
-- Estrutura para tabela `comentario`
--

CREATE TABLE `comentario` (
  `cod_comentario` int(11) NOT NULL,
  `conteudo` varchar(500) NOT NULL,
  `fk_cod_post` int(11) NOT NULL
) ENGINE=InnoDB DEFAULT CHARSET=utf8mb4 COLLATE=utf8mb4_general_ci;

--
-- Despejando dados para a tabela `comentario`
--

INSERT INTO `comentario` (`cod_comentario`, `conteudo`, `fk_cod_post`) VALUES
(1, 'Adorei o texto.', 1),
(2, 'Show', 3),
(3, 'Valews pela informação!!!', 3),
(29, 'Tema de grande relevância. Gratidão!                    ', 3),
(30, 'Além disso, o descarte inadequado pode poluir cursos de água próximos, que são utilizados para captação de água para tratamento e posterior consumo humano.           ', 1),
(31, 'No que se refere ao destino final do resíduo, a maior parte dos resíduos sólidos urbanos coletados (61%) é encaminhada para aterros sanitários, com 46,4 milhões de toneladas enviadas para destinação ambientalmente adequada em 2022, segundo a Abrelpe.                    ', 2),
(32, 'A coleta de resíduos é dividida em três tipos, a primeira é a coleta comum, que recolhe resíduos sólidos inorgânicos e/ou orgânicos, ou seja, restos de comida e também produtos feitos com plástico, metal, papel e vidro. A segunda é a coleta seletiva, que separa os resíduos de acordo com a sua composição, recolhendo apenas materiais inorgânicos, como os 4 citados anteriormente. O último tipo, é a coleta realizada pelos catadores.                    ', 2),
(33, 'Para obter um amplo conhecimento da quantidade e dos tipos de resíduos sólidos gerados nas universidades, é necessária a implementação de um plano de ação de gestão com o respectivo Plano de Gerenciamento de Resíduos Sólidos (PGRS), com o objetivo de analisar a geração na fonte, a separação e destinação adequada desses resíduos.                    ', 1),
(34, 'Se tiver curiosidade, você pode consultar a Lei nº 12.305/2010 do Ministério do Meio Ambiente para entender mais a fundo. Essa Lei diz que a gestão de resíduos deve se certificar de que esteja havendo o máximo de reaproveitamento, reciclagem e redução. Sim, estamos falando dos “3 Rs” que aprendemos desde pequenos…                    ', 3);

-- --------------------------------------------------------

--
-- Estrutura para tabela `imagem`
--

CREATE TABLE `imagem` (
  `cod_imagem` int(11) NOT NULL,
  `nome_arquivo` varchar(100) NOT NULL
) ENGINE=InnoDB DEFAULT CHARSET=utf8mb4 COLLATE=utf8mb4_general_ci;

--
-- Despejando dados para a tabela `imagem`
--

INSERT INTO `imagem` (`cod_imagem`, `nome_arquivo`) VALUES
(1, 'reciclagem.png'),
(2, 'RSU.jpg'),
(3, 'GR.jpg');

-- --------------------------------------------------------

--
-- Estrutura para tabela `post`
--

CREATE TABLE `post` (
  `cod_post` int(11) NOT NULL,
  `titulo` varchar(255) NOT NULL,
  `texto` text NOT NULL,
  `autor` varchar(100) NOT NULL,
  `data_post` date NOT NULL,
  `email` varchar(255) NOT NULL,
  `idioma` varchar(2) NOT NULL,
  `fk_cod_imagem` int(11) NOT NULL
) ENGINE=InnoDB DEFAULT CHARSET=utf8mb4 COLLATE=utf8mb4_general_ci;

--
-- Despejando dados para a tabela `post`
--

INSERT INTO `post` (`cod_post`, `titulo`, `texto`, `autor`, `data_post`, `email`, `idioma`, `fk_cod_imagem`) VALUES
(1, 'Como desenvolver a gestão de resíduos nas universidades?', 'Aos poucos, temos percebido na mídia e nas redes sociais um aumento no comprometimento da sociedade, das empresas e das instituições em relação à preocupação com o meio ambiente. O crescimento populacional está diretamente ligado a esta manifestação, em que a urbanização traz consigo a geração desenfreada de resíduos.\r\n<br>\r\n    Com a tecnologia e o avanço da construção civil e da indústria farmacêutica, por exemplo, podemos observar uma mudança significativa nas composições, características e aumento da periculosidade dos resíduos sólidos utilizados nos cursos universitários. Este crescimento reflete a evolução dos padrões de consumo da população e a forma como são destinados os resíduos gerados nas universidades.\r\n<br>\r\n    Para obter uma visão mais dinâmica da geração de resíduos sólidos nas universidades, refletimos sobre a quantidade de cursos universitários oferecidos na Instituição nas mais diversas áreas de atuação no mercado de trabalho. Isso desencadeia um grande fluxo de pessoas e a geração de diversos tipos de resíduos sólidos, sejam eles perigosos ou não.\r\n<br>\r\n    No ambiente universitário, assim como em qualquer empresa, quando os resíduos não são bem gerenciados, é possível que sejam conduzidos de forma inadequada para aterros sanitários, causando poluição tanto do solo quanto dos lençóis freáticos.\r\n<br>\r\n    Além disso, o descarte inadequado pode poluir cursos de água próximos, que são utilizados para captação de água para tratamento e posterior consumo humano.\r\n<br>\r\n    Para obter um amplo conhecimento da quantidade e dos tipos de resíduos sólidos gerados nas universidades, é necessária a implementação de um plano de ação de gestão com o respectivo Plano de Gerenciamento de Resíduos Sólidos (PGRS), com o objetivo de analisar a geração na fonte, a separação e destinação adequada desses resíduos. Esses planos devem ser feitos com utilização de estratégias específicas para cada tipo de organização e necessitam do apoio direto de ferramentas de gestão para apoiar o controle e otimizar processos.', 'Administrador', '2024-06-25', 'administrador@gmail.com', 'pt', 1),
(2, 'How to develop waste management in universities?', 'Little by little, we have noticed in the media and social networks an increase in the commitment of society, companies and institutions in relation to concern for the environment. Population growth is directly linked to this manifestation, in which urbanization brings with it the unrestrained generation of waste.\r\n<br>\r\n    With technology and advances in civil construction and the pharmaceutical industry, for example, we can observe a significant change in the compositions, characteristics and increase in the danger of solid waste used in university courses. This growth reflects the evolution of the population\'s consumption patterns and the way in which waste generated at universities is disposed of.\r\n<br>\r\n    To obtain a more dynamic view of the generation of solid waste in universities, we reflected on the number of university courses offered at the Institution in the most diverse areas of activity in the job market. This triggers a large flow of people and the generation of different types of solid waste, whether dangerous or not.\r\n<br>\r\n    In the university environment, as in any company, when waste is not well managed, it is possible for it to be inappropriately sent to landfills, causing pollution of both the soil and groundwater.\r\n<br>\r\n    Furthermore, inadequate disposal can pollute nearby waterways, which are used to capture water for treatment and subsequent human consumption.\r\n<br>\r\n    To obtain broad knowledge of the quantity and types of solid waste generated in universities, it is necessary to implement a management action plan with the respective Solid Waste Management Plan (PGRS), with the aim of analyzing generation at the source. , the separation and adequate disposal of this waste. These plans must be made using specific strategies for each type of organization and require the direct support of management tools to support control and optimize processes.', 'Administrator', '2024-06-25', 'administrator@gmail.com', 'en', 1),
(3, '¿Cómo desarrollar la gestión de residuos en las universidades?', 'Poco a poco hemos notado en los medios y redes sociales un aumento en el compromiso de la sociedad, empresas e instituciones en relación con la preocupación por el medio ambiente. El crecimiento demográfico está directamente ligado a esta manifestación, en la que la urbanización trae consigo la generación desenfrenada de desperdiciar.\r\n<br>\r\n    Con la tecnología y los avances en la construcción civil y la industria farmacéutica, por ejemplo, podemos observar un cambio significativo en las composiciones, características y aumento de la peligrosidad de los residuos sólidos utilizados en los cursos universitarios. Este crecimiento refleja la evolución de los patrones de consumo de la población y la forma en que se eliminan los residuos generados en las universidades.\r\n<br>\r\n    Para obtener una visión más dinámica de la generación de residuos sólidos en las universidades, se reflexionó sobre la cantidad de carreras universitarias que se ofrecen en la Institución en las más diversas áreas de actividad del mercado laboral. Esto desencadena un gran flujo de personas y la generación de diferentes tipos de residuos sólidos, sean peligrosos o no.\r\n<br>\r\n    En el entorno universitario, como en cualquier empresa, cuando los residuos no se gestionan bien, es posible que sean enviados de forma inadecuada a vertederos, provocando contaminación tanto del suelo como de las aguas subterráneas.\r\n<br>\r\n    Además, una eliminación inadecuada puede contaminar los cursos de agua cercanos, que se utilizan para capturar agua para su tratamiento y posterior consumo humano.\r\n<br>\r\n    Para obtener un conocimiento amplio de la cantidad y tipos de residuos sólidos generados en las universidades, es necesario implementar un plan de acción de gestión con el respectivo Plan de Gestión de Residuos Sólidos (PGRS), con el objetivo de analizar la generación en la fuente, la separación y. disposición adecuada de estos residuos. Estos planes deben realizarse utilizando estrategias específicas para cada tipo de organización y requieren del apoyo directo de herramientas de gestión que apoyen el control y optimicen los procesos.', 'Administrador', '2024-06-25', 'administrador@gmail.com', 'es', 1),
(4, 'Manejo de resíduos sólidos, contexto e boas práticas.', 'Por definição no dicionário, resíduo é aquilo que resta de algo. Já o resíduo sólido, inclui o resíduo doméstico, o lixo gerado em instalações públicas e comerciais, assim como a parte que sobra de construções e demolições. Em outras palavras, é tudo aquilo que não foi aproveitado nas atividades humanas, produzido por indústrias, comércios e residências.\r\n    Como as maiores populações estão localizadas em cidades metropolitanas, a grande preocupação é a gestão do resíduo sólido do tipo urbano (RSU).\r\n<br>\r\n    No Brasil, a região com maior geração de resíduos urbanos é a Sudeste, com cerca de 111 mil toneladas diárias (aproximadamente 50% da geração do país), enquanto a menor, é a Centro-Oeste, que representa pouco mais de 7% do total gerado, com cerca de 6 milhões de toneladas/ano, de acordo com a Associação Brasileira de Empresas de Limpeza Pública e Resíduos Especiais (Abrelpe).\r\n    Já vimos que a Política Nacional de Resíduos Sólidos prevê diversos instrumentos para que o manejo de resíduos sólidos seja perfeito. Porém, é assim que funciona na realidade? Venha saber!\r\n<br>\r\n    A coleta de resíduos é dividida em três tipos, a primeira é a coleta comum, que recolhe resíduos sólidos inorgânicos e/ou orgânicos, ou seja, restos de comida e também produtos feitos com plástico, metal, papel e vidro. A segunda é a coleta seletiva, que separa os resíduos de acordo com a sua composição, recolhendo apenas materiais inorgânicos, como os 4 citados anteriormente. O último tipo, é a coleta realizada pelos catadores.\r\n<br>\r\n    Infelizmente, no cenário brasileiro, ainda há muitas pessoas que não possuem acesso ao serviço público de coleta de lixo adequado. Segundo o Índice de Sustentabilidade da Limpeza Urbana, 24% dos domicílios brasileiros não contam com a coleta de lixo comum. Em relação à coleta seletiva, os dados são ainda piores, apenas 17% dos brasileiros recebem esse serviço, segundo o jornal Estadão. Também há a desigualdade territorial, pois os serviços de coleta seletiva estão concentrados no Sul e Sudeste do país (um total de 83% das cidades). Sendo que, na maioria dos casos, as atividades da coleta seletiva fazem parte de iniciativas pontuais e não recorrentes dos municípios.\r\n<br>\r\n    Outra problemática, é que a sociedade brasileira não tem o costume de separar os resíduos de acordo com a sua composição. Portanto, não há como melhorar os serviços de limpeza urbana, sem que haja esforço e conscientização da população diante do problema. É necessário campanhas de educação que demonstrem os impactos nocivos à saúde coletiva e ao meio ambiente.\r\n<br>\r\n    Em relação a reciclagem, a taxa de reaproveitamento do Brasil chega a ser de 3%, quando existe a possibilidade de reciclar 30% de todos os resíduos, segundo a Abrelpe. Os catadores apresentam um importante papel neste momento e tornam-se essenciais para aumentar as taxas de reciclagem. Protegendo o meio ambiente, a profissão permite que muitos resíduos sejam reaproveitados e continuem o seu ciclo de vida útil. Além de que beneficia famílias que vivem da reciclagem como fonte de renda.\r\n<br>\r\n    No que se refere ao destino final do resíduo, a maior parte dos resíduos sólidos urbanos coletados (61%) é encaminhada para aterros sanitários, com 46,4 milhões de toneladas enviadas para destinação ambientalmente adequada em 2022, segundo a Abrelpe.\r\n<br>\r\n    Os lixões são considerados como uma das principais fontes de contaminação do planeta, já que afetam a qualidade do ar, água, solo, flora e fauna. Eles vulnerabilizam e colocam em risco quem vive próximo ao local. Além disso, podem afetar diretamente a saúde de quem está a até 60 km de distância.\r\n<br>\r\n    Contribuem para o crescimento de diversas doenças, como leptospirose, febre tifóide, peste bubônica, tifo, infecções intestinais, alergias, dengue, zika, e outras. Há ainda o aumento da possibilidade de incêndios, devido ao acúmulo de gases inflamáveis resultantes da decomposição dos resíduos.\r\n<br>\r\n    BOAS PRÁTICAS\r\n<br>\r\n    1.	Pátio Escola de Compostagem de Resíduos Orgânicos, onde são processadas 90 toneladas mensais de frutas, legumes e verduras, recolhidos de feiras livres e mercados públicos. Além dos resíduos de poda e capina, que possibilita fabricar adubo e doá-lo aos pequenos produtores rurais, fortalecendo a agricultura familiar.\r\n<br>    \r\n    2.	Centro de educação ambiental que conta a história dos 40 anos do aterro da Ribeira. Este local é dedicado para estudantes das escolas da rede municipal, estadual e privada, assim como para a sociedade em geral, para que seja estimulado a mudança de hábitos, a partir do conhecimento em relação à geração de resíduos.\r\n<br>    \r\n    3.	Galpão de Triagem de Materiais Recicláveis, onde é feita a separação dos recicláveis e tem capacidade de reciclar até 10 toneladas por dia de papel, papelão, vidro, metal e plástico.\r\n<br>    \r\n    4.	Usina de Beneficiamento de Resíduos da Construção Civil, que tem capacidade de processar até 7 mil toneladas mensais de resíduos, produzindo até 6 subtipos de diferentes insumos, material que voltará para a cadeia produtiva em obras municipais.', 'Universidade XYZ', '2022-05-04', 'universidadexyz@gmail.com', 'pt', 2),
(5, 'Solid waste management, context and good practices.', 'By definition in the dictionary, waste is what remains of something. Solid waste, on the other hand, includes domestic waste, waste generated in public and commercial facilities, as well as the part left over from construction and demolition. In other words, it is everything that which was not used in human activities, produced by industries, businesses and homes. As the largest populations are located in metropolitan cities, the major concern is the management of urban solid waste (MSW).\r\n<br>\r\n    In Brazil, the region with the highest generation of urban waste is the Southeast, with around 111 thousand tons per day (approximately 50% of the country\'s generation), while the smallest is the Central-West, which represents just over 7% of the total generated, with around 6 million tons/year, according to the Brazilian Association of Public Cleaning and Special Waste Companies (Abrelpe). We have already seen that the National Solid Waste Policy provides for several instruments so that solid waste management is perfect. However, is this how it works in reality? Come and find out!\r\n<br>\r\n    Waste collection is divided into three types, the first is common collection, which collects inorganic and/or organic solid waste, that is, food waste and also products made with plastic, metal, paper and glass. The second is selective collection, which separates waste according to its composition, collecting only inorganic materials, such as the 4 previously mentioned. The last type is collection carried out by collectors.\r\n<br>\r\n    Unfortunately, in the Brazilian scenario, there are still many people who do not have access to adequate public garbage collection services. According to the Urban Cleaning Sustainability Index, 24% of Brazilian households do not have common waste collection. Regarding selective collection, the data is even worse, only 17% of Brazilians receive this service, according to the newspaper Estadão. There is also territorial inequality, as selective collection services are concentrated in the South and Southeast of the country (a total of 83% of cities). In most cases, selective collection activities are part of one-off and non-recurring initiatives by municipalities.\r\n<br>\r\n    Another problem is that Brazilian society does not have the habit of separating waste according to its composition. Therefore, there is no way to improve urban cleaning services without effort and awareness among the population regarding the problem. Education campaigns are needed to demonstrate the harmful impacts on collective health and the environment.\r\n<br>\r\n    In relation to recycling, Brazil\'s reuse rate reaches 3%, when there is the possibility of recycling 30% of all waste, according to Abrelpe. Waste pickers play an important role at this time and are essential to increasing recycling rates. Protecting the environment, the profession allows many wastes to be reused and continue their useful life cycle. In addition, it benefits families who make a living from recycling as a source of income.\r\n<br>\r\n    Regarding the final destination of the waste, the majority of urban solid waste collected (61%) is sent to landfills, with 46.4 million tons sent for environmentally appropriate disposal in 2022, according to Abrelpe.\r\n<br>\r\n    Landfills are considered one of the main sources of contamination on the planet, as they affect the quality of air, water, soil, flora and fauna. They make those who live nearby vulnerable and at risk. Furthermore, they can directly affect the health of those up to 60 km away.\r\n<br>\r\n    They contribute to the growth of various diseases, such as leptospirosis, typhoid fever, bubonic plague, typhus, intestinal infections, allergies, dengue fever, zika, and others. There is also an increased possibility of fires, due to the accumulation of flammable gases resulting from the decomposition of waste.\r\n<br>\r\n    GOOD PRACTICES\r\n<br>\r\n    1. Organic Waste Composting School Yard, where 90 tons of fruit and vegetables are processed monthly, collected from open-air markets and public markets. In addition to pruning and weeding waste, it makes it possible to manufacture fertilizer and donate it to small rural producers, strengthening family farming.\r\n<br>\r\n    2. Environmental education center that tells the story of the 40 years of the Ribeira landfill. This place is dedicated to students from municipal, state and private schools, as well as society in general, to encourage changes in habits, based on knowledge regarding waste generation.\r\n<br>\r\n    3. Recyclable Materials Sorting Warehouse, where recyclables are separated and has the capacity to recycle up to 10 tons per day of paper, cardboard, glass, metal and plastic.\r\n<br>\r\n    4. Civil Construction Waste Processing Plant, which has the capacity to process up to 7 thousand tons of waste per month, producing up to 6 subtypes of different inputs, material that will return to the production chain in municipal works.', 'XYZ University', '2022-05-04', 'universityxyz@gmail.com', 'en', 2),
(6, 'Gestión de residuos sólidos, contexto y buenas prácticas.', 'Por definición en el diccionario, residuo es lo que queda de algo. Los residuos sólidos, por su parte, incluyen los residuos domésticos, los generados en instalaciones públicas y comerciales, así como la parte sobrante de la construcción y demolición. En otras palabras, es todo aquello que no fue utilizado en actividades humanas, producido por industrias, negocios y hogares. Como las poblaciones más grandes se encuentran en las ciudades metropolitanas, la principal preocupación es la gestión de los residuos sólidos urbanos (RSU).\r\n<br>\r\n    En Brasil, la región con mayor generación de residuos urbanos es la Sudeste, con alrededor de 111 mil toneladas por día (aproximadamente el 50% de la generación del país), mientras que la menor es la Centro-Oeste, que representa poco más del 7% de la total generado, con alrededor de 6 millones de toneladas/año, según la Asociación Brasileña de Empresas de Aseo Público y Residuos Especiales (Abrelpe). Ya hemos visto que la Política Nacional de Residuos Sólidos prevé varios instrumentos para que la gestión de los residuos sólidos sea perfecta. Sin embargo, ¿es así como funciona en realidad? ¡Ven y descúbrelo!\r\n<br>\r\n    La recolección de residuos se divide en tres tipos, la primera es la recolección común, que recolecta residuos sólidos inorgánicos y/u orgánicos, es decir, desperdicios de alimentos y también productos elaborados con plástico, metal, papel y vidrio. La segunda es la recogida selectiva, que separa los residuos según su composición, recogiendo únicamente materiales inorgánicos, como los 4 mencionados anteriormente. El último tipo es la recogida realizada por coleccionistas.\r\n<br>\r\n    Desafortunadamente, en el escenario brasileño, todavía hay muchas personas que no tienen acceso a servicios públicos adecuados de recolección de basura. Según el Índice de Sostenibilidad del Aseo Urbano, el 24% de los hogares brasileños no cuentan con recolección común de residuos. En cuanto a la recogida selectiva, los datos son aún peores, sólo el 17% de los brasileños recibe este servicio, según el diario Estadão. También existe desigualdad territorial, ya que los servicios de recolección selectiva se concentran en el sur y sureste del país (un total de 83% de las ciudades). En la mayoría de los casos, las actividades de recolección selectiva son parte de iniciativas puntuales y no recurrentes de los municipios.\r\n<br>\r\n    Otro problema es que la sociedad brasileña no tiene la costumbre de separar los residuos según su composición. Por tanto, no hay forma de mejorar los servicios de limpieza urbana sin esfuerzo y concienciación de la población sobre el problema. Se necesitan campañas educativas para demostrar los impactos nocivos sobre la salud colectiva y el medio ambiente.\r\n<br>\r\n    En relación al reciclaje, la tasa de reutilización en Brasil alcanza el 3%, cuando existe la posibilidad de reciclar el 30% de todos los residuos, según Abrelpe. Los recicladores desempeñan un papel importante en este momento y son esenciales para aumentar las tasas de reciclaje. Protegiendo el medio ambiente, la profesión permite reutilizar muchos residuos y continuar su ciclo de vida útil. Además, beneficia a familias que se ganan la vida con el reciclaje como fuente de ingresos.\r\n<br>\r\n    En cuanto al destino final de los residuos, la mayor parte de los residuos sólidos urbanos recogidos (61%) se envían a vertederos, con 46,4 millones de toneladas enviadas para eliminación ambientalmente adecuada en 2022, según Abrelpe.\r\n<br>\r\n    Los vertederos son considerados una de las principales fuentes de contaminación del planeta, ya que afectan la calidad del aire, el agua, el suelo, la flora y la fauna. Hacen que quienes viven cerca sean vulnerables y estén en riesgo. Además, pueden afectar directamente a la salud de quienes se encuentran a una distancia de hasta 60 kilómetros.\r\n<br>\r\n    Contribuyen al crecimiento de diversas enfermedades, como leptospirosis, fiebre tifoidea, peste bubónica, tifus, infecciones intestinales, alergias, dengue, zika y otras. También existe una mayor posibilidad de incendios, debido a la acumulación de gases inflamables resultantes de la descomposición de los residuos.\r\n<br>\r\n    BUENAS PRÁCTICAS\r\n<br>\r\n    1. Patio Escolar de Compostaje de Residuos Orgánicos, donde mensualmente se procesan 90 toneladas de frutas y verduras, recogidas en mercados al aire libre y mercados públicos. Además de residuos de podas y desmalezados, permite fabricar fertilizantes y donarlos a pequeños productores rurales, fortaleciendo la agricultura familiar.\r\n<br>\r\n    2. Centro de educación ambiental que cuenta la historia de los 40 años del vertedero de Ribeira. Este lugar está dedicado a estudiantes de colegios municipales, estatales y privados, así como a la sociedad en general, para fomentar cambios de hábitos, basados ​​en conocimientos sobre la generación de residuos.\r\n<br>\r\n    3. Almacén de Clasificación de Materiales Reciclables, donde se separan los reciclables y tiene capacidad para reciclar hasta 10 toneladas diarias de papel, cartón, vidrio, metal y plástico.\r\n<br>\r\n    4. Planta de Procesamiento de Residuos de Construcción Civil, que tiene capacidad para procesar hasta 7 mil toneladas de residuos mensuales, produciendo hasta 6 subtipos de diferentes insumos, material que retornará a la cadena productiva en las obras municipales.', 'Universidad XYZ', '2022-05-04', 'universidadxyz@gmail.com', 'es', 2),
(7, 'Gestão de resíduos, o que é e qual a sua importância?', 'Afinal, o que é gestão de resíduos?\r\n<br>\r\n    Gestão de Resíduos é o conjunto de ações que buscam diminuir o impacto gerado pelas atividades humanas. O próprio nome indica que deverá ser feito um gerenciamento das sobras que surgem durante a produção das coisas. Em outras palavras, a gestão incentiva adotar medidas planejadas e efetivas para minimizar os danos ambientais, financeiros e sociais. Todas as atividades econômicas geram algum tipo de resíduo, principalmente sólidos. Isso ocorre durante as várias etapas dos processos, então o gerenciamento de resíduos envolve as etapas de coleta, transporte, transbordo, tratamento, destinação e disposição final.\r\n<br>\r\n    A legislação do Brasil que diz como deve ser uma gestão de resíduos adequada é a Política Nacional de Resíduos Sólidos. Se tiver curiosidade, você pode consultar a Lei nº 12.305/2010 do Ministério do Meio Ambiente para entender mais a fundo. Essa Lei diz que a gestão de resíduos deve se certificar de que esteja havendo o máximo de reaproveitamento, reciclagem e redução. Sim, estamos falando dos “3 Rs” que aprendemos desde pequenos…\r\n<br>\r\n    Qual a importância do manejo de resíduos?\r\n<br>\r\n    O consumismo nos dias atuais tem gerado um enorme acúmulo de resíduos sólidos, causando consequências graves para a saúde humana e para a preservação da natureza. Só no Brasil, cada pessoa produz em média 1kg de “Lixo” por dia! No final de um ano, o total de resíduos urbanos chega a cerca de 78,6 milhões de toneladas. Dá pra acreditar?\r\n<br>\r\n    Desse total, é possível reciclar 31,9% (metal, plástico, vidro e papel), pois 51,4% é material orgânico e 16,7% são de outras categorias. Ainda assim, somente 3% são reciclados e a maioria é conduzida de forma incorreta (aterros ou lixões). Diante desse cenário quase catastrófico, é urgente que a Gestão de Resíduos Sólidos seja aplicada, pois ela combate justamente os problemas acima. \r\n<br>\r\n    Assim, podemos ver a importância do gerenciamento em vários setores:\r\n<br>\r\n    •	Busca a redução do consumo e da produção de resíduos;\r\n<br>\r\n    •	Incentiva o reaproveitamento e reciclagem;\r\n<br>\r\n    •	Planeja o tratamento adequado das sobras, evitando que contaminem solo e água;\r\n<br>\r\n    •	Evita a disseminação de doenças, ajudando na saúde pública;\r\n<br>\r\n    •	É uma aliada da preservação do meio ambiente;\r\n<br>\r\n    •	Minimiza o risco de acidentes ambientais;\r\n<br>    \r\n    •	Diminui o prejuízo das empresas, pois se gasta muito dinheiro com algo que acaba se perdendo.', 'Instituto de Pesquisas Científicas - IPC', '1945-05-14', 'instpesqcient@gmail.com', 'pt', 3),
(8, 'Waste management, what is it and how important is it?', 'After all, what is waste management?\r\n<br>\r\n    Waste Management is the set of actions that seek to reduce the impact generated by human activities. The name itself indicates that leftovers that arise during the production of things must be managed. In other words, management encourages adopting planned and effective measures to minimize environmental, financial and social damage. All economic activities generate some type of waste, mainly solids. This occurs during the various stages of the processes, so waste management involves the stages of collection, transportation, transshipment, treatment, destination and final disposal.\r\n<br>\r\n    The legislation in Brazil that says how appropriate waste management should be is the National Solid Waste Policy. If you are curious, you can consult Law No. 12,305/2010 of the Ministry of the Environment to understand more in depth. This Law says that waste management must ensure that there is maximum reuse, recycling and reduction. Yes, we are talking about the “3 Rs” that we learned since we were little…\r\n<br>\r\n    HOW IMPORTANT IS WASTE MANAGEMENT?\r\n<br>    \r\n    Nowadays consumerism has generated a huge accumulation of solid waste, causing serious consequences for human health and the preservation of nature. In Brazil alone, each person produces an average of 1kg of “Waste” per day! At the end of a year, total urban waste reaches around 78.6 million tons. Can you believe?\r\n<br>\r\n    Of this total, it is possible to recycle 31.9% (metal, plastic, glass and paper), as 51.4% is organic material and 16.7% is from other categories. Still, only 3% is recycled and the majority is handled incorrectly (landfills or dumps). Faced with this almost catastrophic scenario, it is urgent that Solid Waste Management is applied, as it combats precisely the problems above.\r\n<br>\r\n    Thus, we can see the importance of management in several sectors:\r\n<br>\r\n    • Seeks to reduce consumption and waste production;\r\n<br>\r\n    • Encourages reuse and recycling;\r\n<br>\r\n    • Plan the appropriate treatment of leftovers, preventing them from contaminating soil and water;\r\n<br>\r\n    • Prevents the spread of diseases, helping public health;\r\n<br>\r\n    • It is an ally of environmental preservation;\r\n<br>\r\n    • Minimizes the risk of environmental accidents;\r\n<br>\r\n    • Reduces companies\' losses, as a lot of money is spent on something that ends up being lost.', 'Institute for Scientific Research - IPC', '1945-05-14', 'instpesqcient@gmail.com', 'en', 3),
(9, 'Gestión de residuos, ¿qué es y qué importancia tiene?', 'Después de todo, ¿qué es la gestión de residuos?\r\n<br>\r\n    La Gestión de Residuos es el conjunto de acciones que buscan reducir el impacto generado por las actividades humanas. El propio nombre indica que se deben gestionar los sobrantes que surgen durante la producción de las cosas. En otras palabras, la gestión fomenta la adopción de medidas planificadas y efectivas para minimizar los daños ambientales, financieros y sociales. Todas las actividades económicas generan algún tipo de residuo, principalmente sólidos. Esto ocurre durante las diversas etapas de los procesos, por lo que la gestión de residuos involucra las etapas de recolección, transporte, transbordo, tratamiento, destino y disposición final.\r\n<br>\r\n    La legislación en Brasil que dice cuán adecuada debe ser la gestión de residuos es la Política Nacional de Residuos Sólidos. Si tienes curiosidad, puedes consultar la Ley nº 12.305/2010 del Ministerio del Medio Ambiente para entenderla más en profundidad. Esta Ley dice que la gestión de residuos debe garantizar que haya la máxima reutilización, reciclaje y reducción. Sí, estamos hablando de las “3 R” que aprendimos desde pequeños…\r\n<br>\r\n    ¿QUÉ IMPORTANTE ES LA GESTIÓN DE RESIDUOS?\r\n<br>\r\n    Hoy en día el consumismo ha generado una enorme acumulación de residuos sólidos, provocando graves consecuencias para la salud humana y la preservación de la naturaleza. ¡Sólo en Brasil, cada persona produce en promedio 1 kg de “residuos” por día! Al final de un año, el total de residuos urbanos ronda los 78,6 millones de toneladas. ¿Puedes creer?\r\n<br>\r\n    De este total, es posible reciclar el 31,9% (metal, plástico, vidrio y papel), ya que el 51,4% es material orgánico y el 16,7% es de otras categorías. Aún así, sólo el 3% se recicla y la mayoría se maneja incorrectamente (vertederos o vertederos). Ante este escenario casi catastrófico, urge aplicar la Gestión de Residuos Sólidos, ya que combate precisamente los problemas antes mencionados.\r\n<br>\r\n    Así, podemos ver la importancia de la gestión en varios sectores:\r\n<br>\r\n    • Busca reducir el consumo y la producción de residuos;\r\n<br>\r\n    • Fomenta la reutilización y el reciclaje;\r\n<br>\r\n    • Planificar el tratamiento adecuado de los sobrantes, evitando que contaminen el suelo y el agua;\r\n<br>\r\n    • Previene la propagación de enfermedades, ayudando a la salud pública;\r\n<br>\r\n    • Es un aliado de la preservación del medio ambiente;\r\n<br>\r\n    • Minimiza el riesgo de accidentes ambientales;\r\n<br>\r\n    • Reduce las pérdidas de las empresas, ya que se gasta mucho dinero en algo que acaba perdiéndose.', 'Instituto de Investigaciones Científicas - IPC', '1945-05-14', 'instpesqcient@gmail.com', 'es', 3);

--
-- Índices para tabelas despejadas
--

--
-- Índices de tabela `comentario`
--
ALTER TABLE `comentario`
  ADD PRIMARY KEY (`cod_comentario`),
  ADD KEY `fk_cod_post` (`fk_cod_post`);

--
-- Índices de tabela `imagem`
--
ALTER TABLE `imagem`
  ADD PRIMARY KEY (`cod_imagem`);

--
-- Índices de tabela `post`
--
ALTER TABLE `post`
  ADD PRIMARY KEY (`cod_post`),
  ADD KEY `fk_cod_imagem` (`fk_cod_imagem`);

--
-- AUTO_INCREMENT para tabelas despejadas
--

--
-- AUTO_INCREMENT de tabela `comentario`
--
ALTER TABLE `comentario`
  MODIFY `cod_comentario` int(11) NOT NULL AUTO_INCREMENT, AUTO_INCREMENT=35;

--
-- AUTO_INCREMENT de tabela `imagem`
--
ALTER TABLE `imagem`
  MODIFY `cod_imagem` int(11) NOT NULL AUTO_INCREMENT, AUTO_INCREMENT=4;

--
-- AUTO_INCREMENT de tabela `post`
--
ALTER TABLE `post`
  MODIFY `cod_post` int(11) NOT NULL AUTO_INCREMENT, AUTO_INCREMENT=10;

--
-- Restrições para tabelas despejadas
--

--
-- Restrições para tabelas `comentario`
--
ALTER TABLE `comentario`
  ADD CONSTRAINT `comentario_ibfk_1` FOREIGN KEY (`fk_cod_post`) REFERENCES `post` (`cod_post`);

--
-- Restrições para tabelas `post`
--
ALTER TABLE `post`
  ADD CONSTRAINT `post_ibfk_1` FOREIGN KEY (`fk_cod_imagem`) REFERENCES `imagem` (`cod_imagem`);
COMMIT;

/*!40101 SET CHARACTER_SET_CLIENT=@OLD_CHARACTER_SET_CLIENT */;
/*!40101 SET CHARACTER_SET_RESULTS=@OLD_CHARACTER_SET_RESULTS */;
/*!40101 SET COLLATION_CONNECTION=@OLD_COLLATION_CONNECTION */;
